regime,model,cost_level,n_days,ann_return,sharpe
low vol,momentum,0x,800,0.08714900345908498,0.948211976890256
low vol,ridge,0x,800,-0.030272067580199027,-0.3823970382937492
low vol,equal,0x,912,0.03884371425093507,0.3371085335751076
low vol,maxsharpe,0x,800,0.17905032912779656,1.0501094999539706
low vol,mincorr,0x,800,0.05008111145583084,0.37923129386232607
low vol,kronos,0x,745,-0.07582153009661304,-1.1395071280135114
low vol,index_ref,0x,912,0.11436287710388106,1.2435955904744074
low vol,azb_s42,0x,847,0.02368644160480832,0.4140760708655282
low vol,momentum,1x,800,0.05229462845908502,0.5687455492495936
low vol,ridge,1x,800,-0.212711817580199,-2.678588616093536
low vol,equal,1x,912,0.03126993434662888,0.27135871282427293
low vol,maxsharpe,1x,800,0.16653998270114564,0.9761004728130914
low vol,mincorr,1x,800,0.03988042111792381,0.301910353427568
low vol,kronos,1x,745,-0.3552942817744653,-5.3374948757039
low vol,index_ref,1x,912,0.11436287710388106,1.2435955904744074
low vol,azb_s42,1x,847,-0.008998718402208913,-0.157406726266536
low vol,momentum,2x,800,0.017440253459085,0.18956993095244087
low vol,ridge,2x,800,-0.395151567580199,-4.953791955925299
low vol,equal,2x,912,0.023696154442322644,0.20561264437543825
low vol,maxsharpe,2x,800,0.15402963627449462,0.9019356056494159
low vol,mincorr,2x,800,0.02967973078001674,0.22457197252598718
low vol,kronos,2x,745,-0.6347670334523178,-9.514669155723523
low vol,index_ref,2x,912,0.11436287710388106,1.2435955904744074
low vol,azb_s42,2x,847,-0.04168387840922614,-0.729027136852249
mid vol,momentum,0x,812,-0.04396580681589087,-0.43946259852993563
mid vol,ridge,0x,749,0.03807849839290706,0.41657535314155375
mid vol,equal,0x,907,0.13903770206919594,0.9395399539626342
mid vol,maxsharpe,0x,811,0.0893882767697669,0.46179935717312165
mid vol,mincorr,0x,811,0.1093314729339788,0.6391611306044551
mid vol,kronos,0x,710,0.05659838081111086,0.8344709489161855
mid vol,index_ref,0x,907,0.1098432596993037,0.7803498811728005
mid vol,azb_s42,0x,866,-0.042414694683016056,-0.5120827084370619
mid vol,momentum,1x,812,-0.08021556051047211,-0.8013884003231919
mid vol,ridge,1x,749,-0.1456913280423399,-1.592465449880636
mid vol,equal,1x,907,0.1322633049558353,0.8937405074722098
mid vol,maxsharpe,1x,811,0.07769165128731052,0.40157462342104566
mid vol,mincorr,1x,811,0.09948776849119363,0.5821198155263796
mid vol,kronos,1x,710,-0.23494626707621302,-3.4563542242358674
mid vol,index_ref,1x,907,0.1098432596993037,0.7803498811728005
mid vol,azb_s42,1x,866,-0.07643639131965242,-0.9223700856397279
mid vol,momentum,2x,812,-0.1164653142050534,-1.1627948966563413
mid vol,ridge,2x,749,-0.3294611544775869,-3.5936659712740586
mid vol,equal,2x,907,0.12548890784247452,0.8479399666605616
mid vol,maxsharpe,2x,811,0.0659950258048542,0.3412261577196581
mid vol,mincorr,2x,811,0.08964406404840844,0.5248976779023978
mid vol,kronos,2x,710,-0.5264909149635371,-7.714050117290322
mid vol,index_ref,2x,907,0.1098432596993037,0.7803498811728005
mid vol,azb_s42,2x,866,-0.11045808795628878,-1.3317764372131888
high vol,momentum,0x,912,0.002808425421851543,0.01684948472081921
high vol,ridge,0x,912,0.056719533303105585,0.3988916293025688
high vol,equal,0x,912,0.26943733954827376,1.0234778345547866
high vol,maxsharpe,0x,912,0.36698659395576555,1.1719247070781267
high vol,mincorr,0x,912,0.41977534745722944,1.4081613100923422
high vol,kronos,0x,912,0.07934664621182813,0.7016354448524676
high vol,index_ref,0x,912,0.15388191528987807,0.6293518640304504
high vol,azb_s42,0x,912,0.010659225696791078,0.17109770210373834
high vol,momentum,1x,912,-0.030503416683411593,-0.1829393135091908
high vol,ridge,1x,912,-0.13235151932847328,-0.9302486572135265
high vol,equal,1x,912,0.26285243524205365,0.9984607195492314
high vol,maxsharpe,1x,912,0.3540873543368576,1.1311324357602874
high vol,mincorr,1x,912,0.40915004913327346,1.373069678977264
high vol,kronos,1x,912,-0.21355006431448761,-1.8863846212917852
high vol,index_ref,1x,912,0.15388191528987807,0.6293518640304504
high vol,azb_s42,1x,912,-0.016794508363675922,-0.2694363533627454
high vol,momentum,2x,912,-0.06381525878867474,-0.38255651532875956
high vol,ridge,2x,912,-0.32142257196005225,-2.2565027416432972
high vol,equal,2x,912,0.25626753093583365,0.9734427420237658
high vol,maxsharpe,2x,912,0.34118811471794974,1.0902049994462795
high vol,mincorr,2x,912,0.39852475080931743,1.3378606425468225
high vol,kronos,2x,912,-0.5064467748408035,-4.4653835290812065
high vol,index_ref,2x,912,0.15388191528987807,0.6293518640304504
high vol,azb_s42,2x,912,-0.044248242424142915,-0.7090633151441095
bull (dd > -10%),momentum,0x,2113,0.038137313183891866,0.32751781814058456
bull (dd > -10%),ridge,0x,2050,0.038008114922063414,0.3942582347334134
bull (dd > -10%),equal,0x,2361,0.09326708441933518,0.6452454523967578
bull (dd > -10%),maxsharpe,0x,2112,0.17956440165428122,0.8446754895718643
bull (dd > -10%),mincorr,0x,2112,0.12374931369020317,0.7012884000516807
bull (dd > -10%),kronos,0x,1956,0.008678430128079982,0.11308915070427979
bull (dd > -10%),index_ref,0x,2361,0.20213920161129292,1.5582096538334667
bull (dd > -10%),azb_s42,0x,2214,-0.011454640752702739,-0.16532101523487946
bull (dd > -10%),momentum,1x,2113,0.0035582313097792502,0.030546295417702082
bull (dd > -10%),ridge,1x,2050,-0.1463412997120829,-1.5159471504368578
bull (dd > -10%),equal,1x,2361,0.08632362748660255,0.5972064370797098
bull (dd > -10%),maxsharpe,1x,2112,0.167370787583847,0.7873376191310251
bull (dd > -10%),mincorr,1x,2112,0.11354547168044858,0.6437412820832239
bull (dd > -10%),kronos,1x,1956,-0.27658644717253345,-3.6033732569309795
bull (dd > -10%),index_ref,1x,2361,0.20213920161129292,1.5582096538334667
bull (dd > -10%),azb_s42,1x,2214,-0.04450541386865941,-0.6422958044658007
bull (dd > -10%),momentum,2x,2113,-0.031020850564333385,-0.26618182738455065
bull (dd > -10%),ridge,2x,2050,-0.33069071434622926,-3.4174181583028695
bull (dd > -10%),equal,2x,2361,0.07938017055386988,0.5491624828754479
bull (dd > -10%),maxsharpe,2x,2112,0.1551771735134127,0.7298716870194181
bull (dd > -10%),mincorr,2x,2112,0.10334162967069394,0.5860525133986135
bull (dd > -10%),kronos,2x,1956,-0.5618513244731471,-7.307220999595092
bull (dd > -10%),index_ref,2x,2361,0.20213920161129292,1.5582096538334667
bull (dd > -10%),azb_s42,2x,2214,-0.0775561869846161,-1.1186634595605651
bear (dd <= -10%),momentum,0x,411,-0.1070654285646479,-0.6382279861860153
bear (dd <= -10%),ridge,0x,411,-0.0532488564128212,-0.33060604053041737
bear (dd <= -10%),equal,0x,411,0.4551239185586103,1.3634713122653064
bear (dd <= -10%),maxsharpe,0x,411,0.416510737606653,1.2227421407605814
bear (dd <= -10%),mincorr,0x,411,0.6087817033610842,1.696285021845506
bear (dd <= -10%),kronos,0x,411,0.09510204980188527,0.74246611661959
bear (dd <= -10%),index_ref,0x,411,-0.32604097640807045,-1.035083540949534
bear (dd <= -10%),azb_s42,0x,411,0.04480067860276904,0.7130805433836501
bear (dd <= -10%),momentum,1x,411,-0.14266907819968436,-0.8500204318843884
bear (dd <= -10%),ridge,1x,411,-0.24330214108435397,-1.5099513722903126
bear (dd <= -10%),equal,1x,411,0.4486431488174025,1.3440138988602792
bear (dd <= -10%),maxsharpe,1x,411,0.4031155210049992,1.1841474621119055
bear (dd <= -10%),mincorr,1x,411,0.5983594300757545,1.6679210638240531
bear (dd <= -10%),kronos,1x,411,-0.20744685530760376,-1.6156721154323779
bear (dd <= -10%),index_ref,1x,411,-0.32604097640807045,-1.035083540949534
bear (dd <= -10%),azb_s42,1x,411,0.022877287854135182,0.36365453608728043
bear (dd <= -10%),momentum,2x,411,-0.17827272783472087,-1.0615238855394564
bear (dd <= -10%),ridge,2x,411,-0.43335542575588676,-2.686923584836185
bear (dd <= -10%),equal,2x,411,0.4421623790761949,1.3245568239729248
bear (dd <= -10%),maxsharpe,2x,411,0.38972030440334554,1.1453971277011368
bear (dd <= -10%),mincorr,2x,411,0.5879371567904247,1.6394613590956413
bear (dd <= -10%),kronos,2x,411,-0.5099957604170928,-3.959970481787717
bear (dd <= -10%),index_ref,2x,411,-0.32604097640807045,-1.035083540949534
bear (dd <= -10%),azb_s42,2x,411,0.0009538971055012995,0.015133421846721966
