model,cost_level,n_days,total_return,cagr,ann_return,ann_vol,sharpe,sortino,max_dd,calmar,downside_dev,var95,es95,skew,kurtosis,beta,corr,ann_alpha
momentum,0x,2524,0.06703963960673232,0.006499559896214091,0.014492968152731073,0.1262332346161541,0.11481103369331236,0.14021258093293426,-0.24156462679657287,0.02690609127009113,0.10336424917292746,-0.01233154858535272,-0.019787221765887437,-1.1159877777010907,10.685082809673744,-0.05972918792458687,-0.08295930221862703,0.021999267781602157
ridge,0x,2461,0.17770484007071796,0.016889934939812168,0.022767718652808005,0.10986008162218591,0.20724287035492364,0.29156175388569305,-0.31564534078869577,0.05350921669747976,0.07808883829713173,-0.009404342206107686,-0.015793405777888788,0.5470328882881293,10.670760790327588,0.003840120378694307,0.006157965344686147,0.022274007861776187
equal,0x,2772,3.1624548845183167,0.13842520765969013,0.14691901761963894,0.18532667674336728,0.7927569856717731,0.9568130874294437,-0.35129583610175685,0.39404169772053227,0.15355038465699591,-0.017281106146298245,-0.02817047056321548,-0.473893889755416,14.025538185104043,-0.12652827076374754,-0.11657109482813077,0.1625866050334077
maxsharpe,0x,2523,5.682456364778296,0.20891432353856576,0.2181632696988412,0.2381617638355453,0.9160297865844099,1.1878291316933358,-0.3243320644157769,0.6441371250631218,0.18366553225364474,-0.02173236493690576,-0.03497550745853864,-0.007951754687417588,10.72952538711137,-0.12896196777626723,-0.09495708890031156,0.2343810091515884
mincorr,0x,2523,5.007329711771461,0.1961222164717782,0.20276172437380685,0.217095416994847,0.933975148718223,1.2114548031758194,-0.37941675149228293,0.5169044743027567,0.16737044076449947,-0.019777144729065766,-0.031413819987163,-0.215511900364297,10.884426946091896,-0.10919435559987807,-0.08820380351802012,0.21649356826053875
kronos,0x,2367,0.20493518649788034,0.02004588480166536,0.023684812758385843,0.08782585876380478,0.26967926180013563,0.43736630966525325,-0.20950462772907397,0.09568230076324703,0.05415326291710368,-0.00750005900998076,-0.01136354576346621,1.3595161606471908,15.56808014010009,0.010511044578161112,0.02136304483798672,0.02231809591926719
index_ref,0x,2772,2.322732501184396,0.11534357762359138,0.12382677261924446,0.17074234460353685,0.7252259122174397,0.8593579923899021,-0.33924960002653315,0.33999620814459386,0.14409218709292299,-0.016132034121304848,-0.026272548090812413,-0.5820914243969704,15.817494889266694,0.9999999999999996,1.0,5.551115123125783e-17
azb_s42,0x,2625,-0.05054797240968589,-0.004967168904097541,-0.0026466650364745875,0.06831687342942638,-0.03874101526628968,-0.04793425727334313,-0.24583289768938943,-0.020205468636559674,0.05521447889308244,-0.006107612326741218,-0.010466626337306066,0.04242643611727021,15.33596076398359,-0.023696002796198885,-0.060237739816523056,0.0003739697786869405
momentum,1x,2524,-0.24664172600439715,-0.02788051339186781,-0.020252951023180154,0.12628605062484335,-0.1603736194375528,-0.19658810142902325,-0.36311409015021423,-0.07678168968968985,0.10302226266981036,-0.012425953347257483,-0.01991644936243787,-1.1118178614929035,10.656211544655324,-0.05989941447693354,-0.08316093940909057,-0.012725258645619481
ridge,1x,2461,-0.8073303369433962,-0.15517502198048283,-0.16253427240773646,0.10997476738090008,-1.4779233116701702,-2.103528040598026,-0.8186039230682414,-0.18956056477089098,0.07726746174561501,-0.010166246968012448,-0.01652178639421987,0.551691769713523,10.578553175790855,0.00397671957562203,0.00637036379176593,-0.16304554527779674
equal,1x,2772,2.859381978869508,0.13062815678290773,0.14004416257569305,0.1853303084194114,0.7556463039966802,0.9127147008000716,-0.3518158744040588,0.3712969376500673,0.1534369529196062,-0.017295055003715254,-0.028198143801248434,-0.473703967052749,14.028690199627096,-0.12650704228503368,-0.11654925302192527,0.15570912133545506
maxsharpe,1x,2523,4.904108139220776,0.19405336105942905,0.20577391300441522,0.23810806416657437,0.8642038803879444,1.1217989286247052,-0.3247267794261265,0.5975896456780372,0.18343208194777685,-0.021859999482127145,-0.03500719145118172,-0.008178429719786953,10.731470038605874,-0.1288527687281581,-0.09489808081838787,0.22197792002316458
mincorr,1x,2523,4.423377634248235,0.18396721185970466,0.19252229962356024,0.21700417422502555,0.8871824715404852,1.1507877267746467,-0.3802172737737338,0.48384759070463224,0.16729610087444127,-0.019789049490970528,-0.03145674827984134,-0.21816082619512256,10.87603575158446,-0.10900179167306438,-0.08808527762305247,0.2062299274437501
kronos,1x,2367,-0.9197536745155265,-0.23552928553967245,-0.2645812201947193,0.08790777858443338,-3.0097589138894594,-4.873977007868008,-0.9205242240350251,-0.25586429926553544,0.05428446210714756,-0.008575978049566356,-0.012392116081050212,1.406652773097047,15.622494719314293,0.010216072319154458,0.020744182858426607,-0.2659095827532087
index_ref,1x,2772,2.322732501184396,0.11534357762359138,0.12382677261924446,0.17074234460353685,0.7252259122174397,0.8593579923899021,-0.33924960002653315,0.33999620814459386,0.14409218709292299,-0.016132034121304848,-0.026272548090812413,-0.5820914243969704,15.817494889266694,0.9999999999999996,1.0,5.551115123125783e-17
azb_s42,1x,2625,-0.3148003396361898,-0.03564164971652828,-0.033955207998919,0.06833732625098007,-0.49687644895869804,-0.6201361330200672,-0.3712002975890788,-0.09601729833736239,0.05475444211508351,-0.006243976935228749,-0.010601939409522788,0.045418253220225996,15.350818085761226,-0.023694021568725993,-0.06021467615522418,-0.03093482573963083
momentum,2x,2524,-0.46814169210183143,-0.06109197679926148,-0.05499887019909142,0.12634931840061533,-0.4352921796119762,-0.5350938731519986,-0.520371440642462,-0.11740071039224595,0.10278359173712395,-0.012524235934497465,-0.0200456769589883,-1.107406007497308,10.623845802454394,-0.06006964102928022,-0.08335551217223038,-0.047449785072841165
ridge,2x,2461,-0.9685249061293052,-0.2982284942795673,-0.34783626346828095,0.11018383216988463,-3.156872080215697,-4.515816829955792,-0.9691225562812775,-0.30773042309935633,0.07702621177212055,-0.011040236218598494,-0.017254811156315882,0.5545622928065814,10.456981222091633,0.004113318772549742,0.006576681556612063,-0.34836509841736973
equal,2x,2772,2.578361524038071,0.12288409068562389,0.13316930753174708,0.1853349312746492,0.7185332339449949,0.8689848366685256,-0.35233552144773694,0.34877008761619194,0.1532469864978145,-0.017306959765620016,-0.02822581703928139,-0.47350978384305237,14.031503931325766,-0.12648581380631985,-0.11652678887809592,0.14883163763750235
maxsharpe,2x,2523,4.215957813067072,0.17936466479314506,0.1933845563099892,0.23808904806556508,0.8122362531212896,1.0557918347351303,-0.331914713339336,0.5403938348757983,0.18316542139057568,-0.021871904244031907,-0.035042537044511296,-0.00831870046558724,10.72731467111537,-0.12874356968004874,-0.09482523045820561,0.20957483089474066
mincorr,2x,2523,3.895925580400065,0.17192941556159846,0.18228287487331357,0.21693601247625127,0.8402610188719528,1.0904470565041453,-0.38101741392090005,0.45123768436812534,0.16716343428693609,-0.019818185719984848,-0.03150338780691854,-0.22056603776395403,10.864106396887195,-0.1088092277462511,-0.08795729275589072,0.19596628662696144
kronos,2x,2367,-0.9946727845306671,-0.42726410740301213,-0.5528472531478245,0.08809543619325397,-6.275549302407104,-9.946065448487563,-0.9947043444038868,-0.429538796936758,0.05558451791928361,-0.009583627394859268,-0.01342694324351015,1.4484393978426202,15.604096088620189,0.00992110006014784,0.020102316136745527,-0.5541372614256846
index_ref,2x,2772,2.322732501184396,0.11534357762359138,0.12382677261924446,0.17074234460353685,0.7252259122174397,0.8593579923899021,-0.33924960002653315,0.33999620814459386,0.14409218709292299,-0.016132034121304848,-0.026272548090812413,-0.5820914243969704,15.817494889266694,0.9999999999999996,1.0,5.551115123125783e-17
azb_s42,2x,2625,-0.5055385162624848,-0.06537645640904555,-0.06526375096136341,0.06839390974098938,-0.9542333697330653,-1.2008096860415838,-0.5230006000867498,-0.1250026412937224,0.05434978724772157,-0.00634766303888048,-0.010737831392562734,0.04839092764635054,15.333078084728655,-0.0236920403412531,-0.06015982867327279,-0.06224362125794861
