,turnover_ann,n_rebalances,avg_gross_exposure,avg_net_exposure,avg_long,avg_short,cost_drag_ann,cost_level
momentum_0x,29.543106180665614,2398,1.0000000000000002,6.804184790875749e-18,0.5000000000000001,0.5000000000000001,0.0,0x
ridge_0x,176.21568468102396,2461,1.0000000000000002,6.843029461512736e-18,0.5000000000000001,0.5000000000000001,0.0,0x
equal_0x,2.685381083562902,1282,0.9628427128427132,0.9628427128427132,0.9628427128427132,0.0,0.0,0x
maxsharpe_0x,9.07662458175916,120,1.0,1.0,1.0,0.0,0.0,0x
mincorr_0x,6.2147636086231435,120,1.0,1.0,1.0,0.0,0.0,0x
kronos_0x,278.1475285171103,2367,1.0000000000000002,6.8362909099753516e-18,0.5000000000000001,0.5000000000000001,0.0,0x
azb_s42_0x,0.13006066,590,0.00034558488,1.7014004e-07,0.00017280273,0.00017278217,0.0,0x
momentum_1x,29.543106180665614,2398,1.0000000000000002,6.804184790875749e-18,0.5000000000000001,0.5000000000000001,0.034759587955625997,1x
ridge_1x,176.21568468102396,2461,1.0000000000000002,6.843029461512736e-18,0.5000000000000001,0.5000000000000001,0.18537744819179194,1x
equal_1x,2.685381083562902,1282,0.9628427128427132,0.9628427128427132,0.9628427128427132,0.0,0.006874855043945957,1x
maxsharpe_1x,9.07662458175916,120,1.0,1.0,1.0,0.0,0.012390545755068141,1x
mincorr_1x,6.2147636086231435,120,1.0,1.0,1.0,0.0,0.010240613810888782,1x
kronos_1x,278.1475285171103,2367,1.0000000000000002,6.8362909099753516e-18,0.5000000000000001,0.5000000000000001,0.2883604562737643,1x
azb_s42_1x,0.13006066,590,0.00034558488,1.7014004e-07,0.00017280273,0.00017278217,9.668288619177679e-05,1x
momentum_2x,29.543106180665614,2398,1.0000000000000002,6.804184790875749e-18,0.5000000000000001,0.5000000000000001,0.06951917591125199,2x
ridge_2x,176.21568468102396,2461,1.0000000000000002,6.843029461512736e-18,0.5000000000000001,0.5000000000000001,0.3707548963835839,2x
equal_2x,2.685381083562902,1282,0.9628427128427132,0.9628427128427132,0.9628427128427132,0.0,0.013749710087891914,2x
maxsharpe_2x,9.07662458175916,120,1.0,1.0,1.0,0.0,0.024781091510136282,2x
mincorr_2x,6.2147636086231435,120,1.0,1.0,1.0,0.0,0.020481227621777565,2x
kronos_2x,278.1475285171103,2367,1.0000000000000002,6.8362909099753516e-18,0.5000000000000001,0.5000000000000001,0.5767209125475286,2x
azb_s42_2x,0.13006066,590,0.00034558488,1.7014004e-07,0.00017280273,0.00017278217,0.00019336577238355358,2x
